{
	"package": [
		"\\\\usepackage{amsmath}",
		"\\\\usepackage[table]{xcolor}",
		"\\\\usepackage{eso-pic}",
		"\\\\usepackage{wallpaper}",
		"%\\\\usepackage{titlesec}",
		"\\\\usepackage{tocbibind}",
		"% \\\\usepackage{draftwatermark}",
		"\\\\usepackage{enumitem}",
        "\\\\usepackage{tcolorbox}",
        "\\\\usepackage{listings}",
        "\\\\usepackage{framed}",
        "\\\\usepackage{color}",
        "\\\\usepackage[justification=centering]{caption}"
	],
	"replacepackage": {
		"comment": "该章节内容是为了替换现有tex里面包的配置，左边为tex文件现有内容，右边是替换内容。",
		"\\\\usepackage{hyperref}": "\\\\usepackage[bookmarksnumbered=true]{hyperref}",
		"\\\\sphinxtableofcontents": "\\\\ThisURCornerWallPaper{1}{chapterbkpaper.pdf}\n\\\\sphinxtableofcontents",
		"\\\\chapter{([\\s\\S].*)}": "\\\\chapter{\\1}\n\\\\ThisURCornerWallPaper{1}{chapterbkpaper.pdf}",
		"\\\\listoffigures": "\\\\ThisURCornerWallPaper{1}{chapterbkpaper.pdf}\n\\\\listoffigures",
		"\\\\listoftables": "\\\\newpage\n\\\\ThisURCornerWallPaper{1}{chapterbkpaper.pdf}\n\\\\listoftables",
		"\\\\footnotesize\\\\raggedright\\\\printindex": "% \\\\footnotesize\\\\raggedright\\\\printindex",
		"\\\\begin{itemize}": "\\\\begin{itemize}[leftmargin=*]",
		"\\\\begin{enumerate}": "\\\\begin{enumerate}[leftmargin=*]",
		"\\\\setmainfont{FreeSerif}\\[[\\s\\S]*?\\]": "",
		"\\\\setsansfont{FreeSans}\\[[\\s\\S]*?\\]": "",
		"\\\\setmonofont{FreeMono}\\[[\\s\\S]*?\\]": "",
        "\\\\begin{sphinxalltt}":"\\\\begin{sphinxVerbatim}[commandchars=\\\\\\\\\\\\{\\}]",
        "\\\\end{sphinxalltt}":"\\\\end{sphinxVerbatim}",
        "\\\\begin{sphinxadmonition}{note}{注解:}":"\\\\begin{tcolorbox}[colframe=green!80!black,colback=green!50,coltitle=blue!20!black,fonttitle=\\\\bfseries,title=注解：]",
        "\\\\begin{sphinxadmonition}{warning}{警告:}":"\\\\begin{tcolorbox}[colframe=red!50!black,colback=red!10,coltitle=white,fonttitle=\\\\bfseries,title=警告：]",
        "\\\\begin{sphinxadmonition}{tip}{小技巧:}":"\\\\begin{tcolorbox}[colframe=blue!25,colback=blue!10,coltitle=blue!20!black,fonttitle=\\\\bfseries,title=小技巧：]",
        "\\\\begin{sphinxadmonition}{attention}{注意:}":"\\\\begin{tcolorbox}[colframe=yellow,colback=brown!10,coltitle=red,fonttitle=\\\\bfseries,title=注意：]",
        "\\\\begin{sphinxadmonition}{hint}{提示:}":"\\\\begin{tcolorbox}[colframe=cyan!40,colback=blue!10,coltitle=blue!20!black,fonttitle=\\\\bfseries,title=提示：]",
        "\\\\end{sphinxadmonition}":"\\\\end{tcolorbox}",
        "\\\\begin{sphinxadmonition}{note}{Note:}":"\\\\begin{tcolorbox}[colframe=green!80!black,colback=green!50,coltitle=blue!20!black,fonttitle=\\\\bfseries,title=Note:]",
        "\\\\begin{sphinxadmonition}{warning}{Warning:}":"\\\\begin{tcolorbox}[colframe=red!50!black,colback=red!10,coltitle=white,fonttitle=\\\\bfseries,title=Warning:]",
        "\\\\begin{sphinxadmonition}{tip}{Tip:}":"\\\\begin{tcolorbox}[colframe=blue!25,colback=blue!10,coltitle=blue!20!black,fonttitle=\\\\bfseries,title=Tip:]",
        "\\\\begin{sphinxadmonition}{attention}{Attention:}":"\\\\begin{tcolorbox}[colframe=yellow,colback=brown!10,coltitle=red,fonttitle=\\\\bfseries,title=Attention:]",
        "\\\\begin{sphinxadmonition}{hint}{Hint:}":"\\\\begin{tcolorbox}[colframe=cyan!40,colback=blue!10,coltitle=blue!20!black,fonttitle=\\\\bfseries,title=Hint:]"
          
	},
	"customoptions": [
		"% \\\\numberwithin{figure}{chapter}",
		"% \\\\numberwithin{table}{chapter}",
		"\\\\titleformat{\\\\chapter}{\\\\raggedleft\\\\huge\\\\bfseries\\\\color{white}}{\\\\thechapter}{0.5em}{}",
		"\\\\titlespacing{\\\\chapter}{0pt}{50pt}{25pt}",
		"\\\\definecolor{camblue}{RGB}{0,89,196}",
		"% \\\\SetWatermarkText{Cambricon}",
		"% \\\\SetWatermarkLightness{0.9}",
		"% \\\\SetWatermarkScale{1}",
		"\\\\renewcommand{\\\\labelitemi}{$\\\\vcenter{\\\\hbox{\\\\scriptsize$\\\\bullet$}}$}",
        "\\\\definecolor{shadecolor}{RGB}{220,220,220}"
	],
	"isfiguretabletoc": {
		"comment": "插图目录英文：List of  Figures;表格目录英文：List of Tables.",
		"isfigurestoc": true,
		"istablestoc": true,
		"figurestoc": [
			"\\\\renewcommand\\\\listfigurename{插\\ 图\\ 目\\ 录}",
			"\\\\listoffigures"
		],
		"tablestoc": [
			"\\\\renewcommand\\\\listtablename{表\\ 格\\ 目\\ 录}",
			"\\\\listoftables"
		]
	},
	"tables": {
		"comment": "isLongTable:true-强制设置为长表格，false-不设置长表格。isVertical:true-对第一列进行渲染，false-不对第一列进行渲染。isCusHead：true-对第一行进行渲染，false-不对第一行进行渲染。",
		"rowtype": "",
		"headtype": "{camblue!100}",
		"headfontcolor": "\\textbf{\\textcolor{white}{}}",
		"styles": [
			{
				"align": "centering",
				"caption": "分区信息xxxxx",
				"captionalign": "left",
				"isLongTable": true,
				"isVertical": false,
				"isCusHead": true
			},
			{
				"align": "centering",
				"caption": "版本记录",
				"captionalign": "left",
				"isLongTable": false,
				"isVertical": true,
				"isCusHead": false
			}
		]
	},
	"image": {
		"styles": [
			{
				"name": "",
				"align": "",
				"caption": ""
			}
		]
	},
	"sensitivewords": [
		"安防",
		"监听",
		"stream",
		"hisi",
		"展讯",
		"英伟达",
		"nivida",
		"讯飞",
		"展锐",
		"c10",
		"c20",
		"IK",
        "AH",
        "US",
        "MLU320"
	],
	"ignorewarndes": [
		"该字段已废弃不再使用，但不能删掉，否则会导致编译错误！"
	],
	"ignorewarnkey": [
	"sdk_memory.rst && 文档没有加入到任何目录树中",
	"sdk_memory.rst && document isn't included in any toctree",
    "Package hyperref Warning",
    "LaTeX Font Warning",
    "Package cmap Warning",
    "Package xeCJK Warning",
    "WARNING: html_static_path 指向的 '_static' 不存在",
    "WARNING: html_static_path entry '_static' does not exist"
    ]
	
}
